{"cipher_03/decryption_only_word_accuracy":0.2471984015522326,"cipher_02/decryption_plus_bilstm_char_accuracy":0.5539898060556874,"cipher_04/decryption_only_perplexity":1.7344173570270413e+06,"cipher_04/decryption_plus_bilstm_char_accuracy":0.4678717709310339,"cipher_04/decryption_only_char_accuracy":0.5568168708254553,"cipher_01/decryption_only_word_accuracy":0.40007261771912245,"cipher_03/decryption_plus_bilstm_char_accuracy":0.5073260630607076,"_wandb":{"runtime":10700},"cipher_04/decryption_only_levenshtein":50.72144993841281,"cipher_03/decryption_plus_bilstm_word_accuracy":0.2820425568164778,"cipher_02/decryption_plus_bilstm_levenshtein":42.28259721977829,"cipher_02/decryption_only_word_accuracy":0.30323234962869394,"cipher_04/decryption_plus_bilstm_word_accuracy":0.23575520556772586,"cipher_02/decryption_plus_bilstm_word_accuracy":0.35381145487555776,"cipher_03/decryption_only_perplexity":1.3252192671065286e+06,"cipher_01/decryption_plus_bilstm_perplexity":100736.4731466007,"cipher_01/decryption_only_char_accuracy":0.7103116346504895,"cipher_04/decryption_plus_bilstm_perplexity":792368.7158468257,"_timestamp":1.7746606548581805e+09,"cipher_04/decryption_plus_bilstm_levenshtein":50.502375505894776,"cipher_04/decryption_only_word_accuracy":0.21069364847182762,"cipher_02/decryption_plus_bilstm_perplexity":280651.72169201064,"cipher_01/decryption_only_levenshtein":37.79957768784093,"cipher_03/decryption_only_char_accuracy":0.5987275833991953,"cipher_01/decryption_only_perplexity":371434.0745283678,"cipher_01/decryption_plus_bilstm_char_accuracy":0.6254909816718802,"cipher_03/decryption_only_levenshtein":47.21062818933662,"cipher_03/decryption_plus_bilstm_perplexity":536426.7333345094,"cipher_01/decryption_plus_bilstm_word_accuracy":0.4665268913217589,"cipher_01/decryption_plus_bilstm_levenshtein":36.93506950554285,"cipher_02/decryption_only_levenshtein":42.87893718106634,"cipher_02/decryption_only_perplexity":848776.1467579451,"_step":3,"_runtime":10700,"cipher_02/decryption_only_char_accuracy":0.6494395442577567,"cipher_03/decryption_plus_bilstm_levenshtein":46.82298081998944}