{"val_loss":1.1991773502210552,"_timestamp":1.7746213908022246e+09,"_wandb":{"runtime":1488},"_runtime":1488.478114106,"_step":10,"train_loss":1.3572622286116525}