{"_step":10,"val_loss":0.9498033985662996,"rouge_l_f1":0.6478609637490538,"_wandb":{"runtime":2093},"_timestamp":1.7746261983195724e+09,"avg_levenshtein":30.758930142530353,"train_loss":1.0943932235660097,"char_accuracy":0.8048389296586341,"_runtime":2093,"word_accuracy":0.6444792195194887,"bleu1":0.5187498778031947}