{"cipher_01/decryption_only_levenshtein":37.79957768784093,"cipher_01/decryption_plus_ssm_levenshtein":37.07812774942812,"cipher_04/decryption_plus_ssm_word_accuracy":0.23688510454103212,"cipher_02/decryption_only_levenshtein":42.87893718106634,"cipher_02/decryption_plus_ssm_levenshtein":42.270455745205,"cipher_01/decryption_only_perplexity":448163.36034352565,"cipher_04/decryption_only_perplexity":2.325353566517976e+06,"cipher_01/decryption_only_char_accuracy":0.7103116346504895,"cipher_03/decryption_only_levenshtein":47.21062818933662,"cipher_02/decryption_plus_ssm_perplexity":352284.8531805092,"_wandb":{"runtime":2611},"cipher_03/decryption_only_char_accuracy":0.5987275833991953,"cipher_04/decryption_only_levenshtein":50.72144993841281,"cipher_02/decryption_only_word_accuracy":0.30323234962869394,"cipher_01/decryption_plus_ssm_char_accuracy":0.6247921026837866,"cipher_03/decryption_plus_ssm_char_accuracy":0.5156274947051842,"cipher_02/decryption_plus_ssm_word_accuracy":0.34960573125788813,"cipher_04/decryption_only_word_accuracy":0.21069364847182762,"cipher_04/decryption_plus_ssm_perplexity":976393.0580968608,"_step":3,"cipher_01/decryption_plus_ssm_perplexity":148976.92648912172,"cipher_02/decryption_only_perplexity":1.0030372732098058e+06,"cipher_01/decryption_only_word_accuracy":0.40007261771912245,"_timestamp":1.7746499472449498e+09,"cipher_03/decryption_plus_ssm_word_accuracy":0.2809410180617341,"cipher_02/decryption_plus_ssm_char_accuracy":0.5634386390819341,"cipher_01/decryption_plus_ssm_word_accuracy":0.4551287350836181,"cipher_03/decryption_plus_ssm_perplexity":647168.2910729606,"cipher_04/decryption_plus_ssm_char_accuracy":0.47947909176850567,"cipher_04/decryption_plus_ssm_levenshtein":50.39169452753827,"cipher_03/decryption_only_word_accuracy":0.2471984015522326,"cipher_03/decryption_only_perplexity":1.673020200235761e+06,"cipher_03/decryption_plus_ssm_levenshtein":46.76280133732184,"cipher_04/decryption_only_char_accuracy":0.5568168708254553,"cipher_02/decryption_only_char_accuracy":0.6494395442577567,"_runtime":2611}