{"avg_levenshtein":37.98345944043639,"rouge_l_f1":0.5479016379333533,"_timestamp":1.7746240948311539e+09,"val_loss":1.1991773502210552,"char_accuracy":0.7409554789767244,"_runtime":1408,"_wandb":{"runtime":1408},"train_loss":1.3572622286116525,"bleu1":0.4202350226810574,"word_accuracy":0.5443206091411177,"_step":10}