{"cipher_03/decryption_plus_bilstm_levenshtein":74.27643850079184,"cipher_02/decryption_plus_bilstm_char_accuracy":0.0727952334308817,"cipher_01/decryption_plus_bilstm_char_accuracy":0.07941798362466329,"cipher_02/decryption_plus_bilstm_word_accuracy":0.05941722497807947,"cipher_01/decryption_plus_bilstm_perplexity":13.315420474851559,"cipher_01/decryption_plus_bilstm_word_accuracy":0.09554007124124751,"cipher_01/decryption_only_word_accuracy":0.40007261771912245,"cipher_04/decryption_plus_bilstm_perplexity":14.224662746413612,"cipher_02/decryption_only_perplexity":848776.1467579451,"_wandb":{"runtime":11268},"cipher_03/decryption_only_perplexity":1.3252192671065286e+06,"cipher_03/decryption_plus_bilstm_perplexity":14.189337964477467,"cipher_03/decryption_only_char_accuracy":0.5987275833991953,"cipher_02/decryption_only_word_accuracy":0.30323234962869394,"cipher_04/decryption_only_word_accuracy":0.21069364847182762,"_timestamp":1.7746419244625647e+09,"cipher_04/decryption_only_perplexity":1.7344173570270413e+06,"cipher_03/decryption_plus_bilstm_char_accuracy":0.07149707602703531,"cipher_03/decryption_only_word_accuracy":0.2471984015522326,"cipher_03/decryption_only_levenshtein":47.21062818933662,"cipher_02/decryption_plus_bilstm_perplexity":13.830726866559047,"cipher_01/decryption_plus_bilstm_levenshtein":71.15467182825972,"cipher_04/decryption_plus_bilstm_levenshtein":74.93559739574168,"cipher_04/decryption_only_levenshtein":50.72144993841281,"_runtime":11268,"cipher_02/decryption_plus_bilstm_levenshtein":73.0204117543551,"cipher_02/decryption_only_levenshtein":42.87893718106634,"cipher_03/decryption_plus_bilstm_word_accuracy":0.04215411433504728,"cipher_02/decryption_only_char_accuracy":0.6494395442577567,"cipher_04/decryption_plus_bilstm_char_accuracy":0.06860719048717469,"cipher_04/decryption_only_char_accuracy":0.5568168708254553,"cipher_01/decryption_only_levenshtein":37.79957768784093,"_step":3,"cipher_01/decryption_only_perplexity":371434.0745283678,"cipher_01/decryption_only_char_accuracy":0.7103116346504895,"cipher_04/decryption_plus_bilstm_word_accuracy":0.03010891699085061}