{"cipher_02/decryption_only_levenshtein":42.87893718106634,"cipher_01/decryption_only_levenshtein":37.79957768784093,"cipher_02/decryption_plus_ssm_perplexity":9.493260063286831,"cipher_04/decryption_only_levenshtein":50.72144993841281,"cipher_03/decryption_plus_ssm_word_accuracy":0.02142706083293146,"cipher_02/decryption_plus_ssm_char_accuracy":0.07863862462419254,"cipher_02/decryption_only_perplexity":1.0030372732098058e+06,"cipher_03/decryption_plus_ssm_char_accuracy":0.07877320421144617,"cipher_02/decryption_plus_ssm_word_accuracy":0.02255605511014471,"_runtime":2347,"cipher_01/decryption_plus_ssm_char_accuracy":0.07854294652182062,"cipher_03/decryption_plus_ssm_perplexity":9.490095714497645,"_step":3,"cipher_01/decryption_plus_ssm_word_accuracy":0.024139150446223095,"cipher_03/decryption_plus_ssm_levenshtein":73.42530353686433,"cipher_02/decryption_only_char_accuracy":0.6494395442577567,"cipher_02/decryption_only_word_accuracy":0.30323234962869394,"cipher_04/decryption_only_char_accuracy":0.5568168708254553,"cipher_04/decryption_only_word_accuracy":0.21069364847182762,"cipher_04/decryption_only_perplexity":2.325353566517976e+06,"cipher_04/decryption_plus_ssm_levenshtein":73.4728136547598,"cipher_03/decryption_only_perplexity":1.673020200235761e+06,"cipher_04/decryption_plus_ssm_word_accuracy":0.020570735238788877,"cipher_04/decryption_plus_ssm_char_accuracy":0.0788344356128101,"cipher_02/decryption_plus_ssm_levenshtein":73.37744149216962,"cipher_04/decryption_plus_ssm_perplexity":9.488406409959403,"cipher_03/decryption_only_levenshtein":47.21062818933662,"cipher_01/decryption_plus_ssm_levenshtein":73.32324476508886,"cipher_01/decryption_only_word_accuracy":0.40007261771912245,"cipher_01/decryption_only_perplexity":448163.36034352565,"cipher_01/decryption_plus_ssm_perplexity":9.490526524669002,"cipher_01/decryption_only_char_accuracy":0.7103116346504895,"_wandb":{"runtime":2347},"cipher_03/decryption_only_char_accuracy":0.5987275833991953,"cipher_03/decryption_only_word_accuracy":0.2471984015522326,"_timestamp":1.7746306212848976e+09}